uid://A002/Xac2df7/X127c|uid://A001/X2d1/X7f|2015.1.00979.S
uid://A002/Xac3e1a/X46ec|uid://A001/X2d1/X7f|2015.1.00979.S
uid://A002/Xac3e1a/X43aa|uid://A001/X2d1/X7f|2015.1.00979.S
uid://A002/Xac5575/X8ed9|uid://A001/X2d1/X91|2015.1.01512.S
uid://A002/Xac9e3c/X8bb|uid://A001/X2d1/X91|2015.1.01512.S
uid://A002/Xac0269/X1123|uid://A001/X2d1/Xc1|2015.1.00896.S
uid://A002/Xac0269/X18dd|uid://A001/X2d1/Xc1|2015.1.00896.S
uid://A002/Xabcd5b/X1097|uid://A001/X2d1/Xc1|2015.1.00896.S
uid://A002/Xabc3f8/X3aa5|uid://A001/X2d1/Xf0|2015.1.00702.S
uid://A002/Xabe765/X5bd|uid://A001/X2d1/Xf0|2015.1.00702.S
uid://A002/Xac3e1a/X4a3b|uid://A001/X2d1/Xf0|2015.1.00702.S
uid://A002/Xac0269/X756|uid://A001/X2d2/X65|2015.1.01163.S
uid://A002/Xac5575/X7ee8|uid://A001/X2d2/X89|2015.1.00773.S
uid://A002/Xac2df7/X1967|uid://A001/X2d6/X1c|2015.1.00113.S
uid://A002/Xac2df7/X1b18|uid://A001/X2d6/X1d|2015.1.00113.S
uid://A002/Xabf8b9/X1330|uid://A001/X2d6/X2ae|2015.1.01268.S
uid://A002/Xac5575/X5f69|uid://A001/X2d6/X2ae|2015.1.01268.S
uid://A002/Xac4b9f/X106f|uid://A001/X2d6/X2ae|2015.1.01268.S
uid://A002/Xac5575/X1139|uid://A001/X2d6/X2ae|2015.1.01268.S
uid://A002/Xac5575/X1756|uid://A001/X2d6/X2ae|2015.1.01268.S
uid://A002/Xac5575/X1fd0|uid://A001/X2d6/X2ae|2015.1.01268.S
uid://A002/Xac2df7/X160b|uid://A001/X2d6/X2b4|2015.1.01352.S
uid://A002/Xac2df7/Xdf7|uid://A001/X2d6/X2c4|2015.1.00350.S
uid://A002/Xac3e1a/X1aa2|uid://A001/X2d6/X2fa|2015.1.00341.S
uid://A002/Xac3e1a/X269f|uid://A001/X2d6/X2fa|2015.1.00341.S
uid://A002/Xad47ae/X1256|uid://A001/X2d6/X309|2015.1.00496.S
uid://A002/Xad5116/Xea3|uid://A001/X2d6/X309|2015.1.00496.S
uid://A002/Xac8406/X18bb|uid://A001/X2d6/X309|2015.1.00496.S
uid://A002/Xac8406/X1bd5|uid://A001/X2d6/X309|2015.1.00496.S
uid://A002/Xac0269/X22e0|uid://A001/X2d6/X310|2015.1.01518.S
uid://A002/Xac0269/X25cd|uid://A001/X2d6/X310|2015.1.01518.S
uid://A002/Xac5575/X3619|uid://A001/X2d6/X340|2015.1.01602.S
uid://A002/Xac5575/X815|uid://A001/X2d6/X341|2015.1.01602.S
uid://A002/Xac5575/X2938|uid://A001/X2d6/X342|2015.1.01602.S
uid://A002/Xac5575/X340e|uid://A001/X2d6/X343|2015.1.01602.S
uid://A002/Xac5575/X19e|uid://A001/X2d6/Xe|2015.1.01596.S
uid://A002/Xac5575/X3bf|uid://A001/X2d6/Xe|2015.1.01596.S
uid://A002/Xac5575/X43ef|uid://A001/X2d8/X329|2015.1.01384.S
uid://A002/Xac5575/X49a6|uid://A001/X2d8/X329|2015.1.01384.S
uid://A002/Xac0269/Xe15|uid://A001/X2d8/X380|2015.1.01290.S
uid://A002/Xac5575/X8a5f|uid://A001/X2d8/X391|2015.1.00370.S
uid://A002/Xac5575/X2c41|uid://A001/X2d8/X3b|2015.1.00078.S
uid://A002/Xac3425/X29e2|uid://A001/X2d8/X3b|2015.1.00078.S
uid://A002/Xac5575/X9911|uid://A001/X2d8/X40b|2015.1.01384.S
uid://A002/Xac5575/X9bb6|uid://A001/X2d8/X40b|2015.1.01384.S
uid://A002/Xacbbd0/X2017|uid://A001/X2d8/X40c|2015.1.01384.S
uid://A002/Xacbbd0/X234f|uid://A001/X2d8/X40c|2015.1.01384.S
uid://A002/Xacbbd0/X23d0|uid://A001/X2d8/X40c|2015.1.01384.S
uid://A002/Xad2075/Xeb1|uid://A001/X2d8/X411|2015.1.01302.S
uid://A002/Xad2439/Xee6|uid://A001/X2d8/X412|2015.1.01302.S
uid://A002/Xad2439/X2bc7|uid://A001/X2d8/X413|2015.1.01302.S
uid://A002/Xad2439/X2db5|uid://A001/X2d8/X413|2015.1.01302.S
uid://A002/Xad565b/X1ae7|uid://A001/X2d8/X432|2015.1.00480.S
uid://A002/Xad565b/X1da0|uid://A001/X2d8/X432|2015.1.00480.S
uid://A002/Xad565b/X20c4|uid://A001/X2d8/X432|2015.1.00480.S
uid://A002/Xac2df7/X1146|uid://A001/X2d8/X445|2015.1.01323.S
uid://A002/Xac0269/X161a|uid://A001/X2d8/X46|2015.1.01415.S
uid://A002/Xac4b9f/X9f2|uid://A001/X2d8/X46|2015.1.01415.S
uid://A002/Xacdf75/X2815|uid://A001/X2d8/X66|2015.1.01302.S
uid://A002/Xacc4e4/X219|uid://A002/Xaa5ac1/X1|2015.1.00502.S
uid://A002/Xacc4e4/X346|uid://A002/Xaa5ac1/X1|2015.1.00502.S
uid://A002/Xac5575/X944c|uid://A002/Xaa5ac1/X1|2015.1.00502.S
uid://A002/Xad2439/X1366|uid://A001/X2c9/X19|2015.1.00597.S
uid://A002/Xad057f/X1dc5|uid://A001/X2c9/X19|2015.1.00597.S
uid://A002/Xac5575/X9ef|uid://A001/X2c9/X1a|2015.1.00597.S
uid://A002/Xac5575/Xbf8|uid://A001/X2c9/X1a|2015.1.00597.S
uid://A002/Xad6824/X396b|uid://A001/X2d2/X64|2015.1.01163.S
uid://A002/Xad6824/X41ef|uid://A001/X2d2/X64|2015.1.01163.S
uid://A002/Xac0269/X756|uid://A001/X2d2/X65|2015.1.01163.S
uid://A002/Xac5575/X7ee8|uid://A001/X2d2/X89|2015.1.00773.S
uid://A002/Xac5575/X6cf8|uid://A001/X2d2/Xaf|2015.1.00631.S
uid://A002/Xac97ce/X1bd8|uid://A001/X2d2/Xaf|2015.1.00631.S
uid://A002/Xac5575/Xb9e6|uid://A001/X2d2/Xb0|2015.1.00631.S
uid://A002/Xac5575/Xb06f|uid://A001/X2d2/Xb0|2015.1.00631.S
uid://A002/Xacca73/X2d12|uid://A001/X2d2/Xb3|2015.1.00631.S
uid://A002/Xac5575/Xa01b|uid://A001/X2d2/Xb3|2015.1.00631.S
uid://A002/Xac5575/X3946|uid://A001/X2d2/Xcb|2015.1.00761.S
uid://A002/Xad2439/X1769|uid://A001/X2d2/Xcb|2015.1.00761.S
uid://A002/Xad3217/X4037|uid://A001/X2d6/X14|2015.1.00686.S
uid://A002/Xad0ecf/X21c3|uid://A001/X2d6/X14|2015.1.00686.S
uid://A002/Xad47ae/Xa73|uid://A001/X2d6/X14|2015.1.00686.S
uid://A002/Xac2df7/X1967|uid://A001/X2d6/X1c|2015.1.00113.S
uid://A002/Xad47ae/Xdc1|uid://A001/X2d6/X293|2015.1.00555.S
uid://A002/Xad47ae/Xf76|uid://A001/X2d6/X294|2015.1.00555.S
uid://A002/Xac5575/X2f95|uid://A001/X2d6/X2b5|2015.1.01352.S
uid://A002/Xad2439/X15f3|uid://A001/X2d6/X2b5|2015.1.01352.S
uid://A002/Xac5575/X2e4f|uid://A001/X2d6/X2b6|2015.1.01352.S
uid://A002/Xad2439/X3110|uid://A001/X2d6/X2b6|2015.1.01352.S
uid://A002/Xad47ae/X1256|uid://A001/X2d6/X309|2015.1.00496.S
uid://A002/Xad5116/Xea3|uid://A001/X2d6/X309|2015.1.00496.S
uid://A002/Xac8406/X18bb|uid://A001/X2d6/X309|2015.1.00496.S
uid://A002/Xac8406/X1bd5|uid://A001/X2d6/X309|2015.1.00496.S
uid://A002/Xac0269/X22e0|uid://A001/X2d6/X310|2015.1.01518.S
uid://A002/Xac0269/X25cd|uid://A001/X2d6/X310|2015.1.01518.S
uid://A002/Xacdf75/X1d1f|uid://A001/X2d6/X311|2015.1.01518.S
uid://A002/Xacdf75/X22b9|uid://A001/X2d6/X311|2015.1.01518.S
uid://A002/Xacca73/X6c87|uid://A001/X2d6/X311|2015.1.01518.S
uid://A002/Xac5575/X3dd3|uid://A001/X2d6/X31b|2015.1.01227.S
uid://A002/Xacbbd0/Xef4|uid://A001/X2d6/X322|2015.1.00607.S
uid://A002/Xad177d/X1b39|uid://A001/X2d6/X322|2015.1.00607.S
uid://A002/Xad5f93/Xa0c|uid://A001/X2d6/X322|2015.1.00607.S
uid://A002/Xad5f93/Xd05|uid://A001/X2d6/X322|2015.1.00607.S
uid://A002/Xad565b/X76a|uid://A001/X2d6/X322|2015.1.00607.S
uid://A002/Xad6824/X3541|uid://A001/X2d6/X32c|2015.1.00823.S
uid://A002/Xac5575/X2938|uid://A001/X2d6/X342|2015.1.01602.S
uid://A002/Xac5575/X340e|uid://A001/X2d6/X343|2015.1.01602.S
uid://A002/Xac9e3c/Xb37|uid://A001/X2d8/X1|2015.1.00030.S
uid://A002/Xac97ce/Xbae|uid://A001/X2d8/X1|2015.1.00030.S
uid://A002/Xac77dc/X302|uid://A001/X2d8/X1|2015.1.00030.S
uid://A002/Xac77dc/X682|uid://A001/X2d8/X1|2015.1.00030.S
uid://A002/Xac5575/X4f49|uid://A001/X2d8/X381|2015.1.01290.S
uid://A002/Xacc268/X6f3|uid://A001/X2d8/X382|2015.1.01290.S
uid://A002/Xac5575/X2c41|uid://A001/X2d8/X3b|2015.1.00078.S
uid://A002/Xac3425/X29e2|uid://A001/X2d8/X3b|2015.1.00078.S
uid://A002/Xad2075/Xeb1|uid://A001/X2d8/X411|2015.1.01302.S
uid://A002/Xad2439/Xee6|uid://A001/X2d8/X412|2015.1.01302.S
uid://A002/Xad2439/X2bc7|uid://A001/X2d8/X413|2015.1.01302.S
uid://A002/Xad2439/X2db5|uid://A001/X2d8/X413|2015.1.01302.S
uid://A002/Xacca73/X678c|uid://A001/X2d8/X419|2015.1.00695.S
uid://A002/Xacdf75/X186e|uid://A001/X2d8/X41a|2015.1.00695.S
uid://A002/Xacca73/X3308|uid://A001/X2d8/X41b|2015.1.00695.S
uid://A002/Xac97ce/X8e4|uid://A001/X2d8/X41c|2015.1.00695.S
uid://A002/Xad565b/X1ae7|uid://A001/X2d8/X432|2015.1.00480.S
uid://A002/Xad565b/X1da0|uid://A001/X2d8/X432|2015.1.00480.S
uid://A002/Xad565b/X20c4|uid://A001/X2d8/X432|2015.1.00480.S
uid://A002/Xacdf75/X2815|uid://A001/X2d8/X66|2015.1.01302.S
uid://A002/Xacaec2/X119|uid://A001/X2de/X108|2015.1.00889.S
uid://A002/Xac8406/X5ed|uid://A001/X2de/X108|2015.1.00889.S
uid://A002/Xacdf75/X2601|uid://A001/X2de/X10f|2015.1.00466.S
uid://A002/Xad2439/X2ff7|uid://A001/X2de/X10f|2015.1.00466.S
uid://A002/Xacf797/X14d9|uid://A001/X2de/X10f|2015.1.00466.S
uid://A002/Xacaa68/X217|uid://A001/X2de/X110|2015.1.00466.S
uid://A002/Xad2439/Xfd2|uid://A001/X2de/X111|2015.1.00466.S
uid://A002/Xacf797/X13d3|uid://A001/X2de/X111|2015.1.00466.S
uid://A002/Xac97ce/X118f|uid://A001/X2de/X112|2015.1.00466.S
uid://A002/Xad5116/Xa70|uid://A001/X2de/X150|2015.1.00806.S
uid://A002/Xad7dc8/X16c|uid://A001/X2de/X151|2015.1.00806.S
uid://A002/Xac5575/X7878|uid://A001/X2de/X24|2015.1.00415.S
uid://A002/Xaca510/X997|uid://A001/X2de/X24|2015.1.00415.S
uid://A002/Xad565b/X3af|uid://A001/X2de/X3d|2015.1.00024.S
uid://A002/Xac8406/X877|uid://A001/X2de/X3d|2015.1.00024.S
uid://A002/Xad74b0/X14ef|uid://A001/X2de/X3e|2015.1.00024.S
uid://A002/Xad74b0/X1a94|uid://A001/X2de/X3e|2015.1.00024.S
uid://A002/Xad6824/Xd30|uid://A001/X2de/X3e|2015.1.00024.S
uid://A002/Xad5f93/X59c|uid://A001/X2de/X3e|2015.1.00024.S
uid://A002/Xac8406/Xb41|uid://A001/X2de/Xed|2015.1.00141.S
uid://A002/Xac8406/Xe70|uid://A001/X2de/Xed|2015.1.00141.S
uid://A002/Xaca510/X78d|uid://A001/X2de/Xf3|2015.1.00206.S
uid://A002/Xac97ce/X14e|uid://A001/X2de/Xf3|2015.1.00206.S
uid://A002/Xac9223/X58|uid://A001/X2de/Xf3|2015.1.00206.S
uid://A002/Xacca73/X5ddc|uid://A001/X2de/Xf9|2015.1.00986.S
uid://A002/Xad6824/X1211|uid://A001/X2de/Xf9|2015.1.00986.S
uid://A002/Xad6824/X675|uid://A001/X2de/Xf9|2015.1.00986.S
uid://A002/Xad47ae/X659|uid://A001/X2de/Xf9|2015.1.00986.S
uid://A002/Xacca73/X178|uid://A001/X2df/X131|2015.1.01170.S
uid://A002/Xacb746/X8db|uid://A001/X2df/X131|2015.1.01170.S
uid://A002/Xacbbd0/X132c|uid://A001/X2df/X131|2015.1.01170.S
uid://A002/Xacbbd0/X15f2|uid://A001/X2df/X131|2015.1.01170.S
uid://A002/Xad057f/Xd88|uid://A001/X2df/X13a|2015.1.00025.S
uid://A002/Xac9e3c/X14d|uid://A001/X2df/X153|2015.1.01345.S
uid://A002/Xac97ce/X4eb|uid://A001/X2df/X153|2015.1.01345.S
uid://A002/Xac9e3c/X619|uid://A001/X2df/X154|2015.1.01345.S
uid://A002/Xac9223/X483|uid://A001/X2df/X154|2015.1.01345.S
uid://A002/Xaca510/X10a|uid://A001/X2df/X191|2015.1.00810.S
uid://A002/Xacbbd0/X8e8|uid://A001/X2df/X19f|2015.1.00456.S
uid://A002/Xaca510/X454|uid://A001/X2df/X1a0|2015.1.00456.S
uid://A002/Xacc4e4/Xcd3|uid://A001/X2df/X1a1|2015.1.00456.S
uid://A002/Xacc268/Xc3|uid://A001/X2df/X1de|2015.1.00810.S
uid://A002/Xacdf75/Xcbd|uid://A001/X2df/X1df|2015.1.00810.S
uid://A002/Xad5f93/X252|uid://A001/X2df/X1e0|2015.1.00810.S
uid://A002/Xad3217/X4385|uid://A001/X2f7/X15a|2015.1.01446.S
uid://A002/Xad6824/X2bfe|uid://A001/X2f7/X15a|2015.1.01446.S
uid://A002/Xad565b/X1365|uid://A001/X2f7/X15a|2015.1.01446.S
uid://A002/Xad5116/X72d|uid://A002/Xad2d3f/Xf|2015.A.00005.S